001	ERR6053471
002	ERR6053472
003	ERR6053473
004	ERR6053474
005	ERR6053475
006	ERR6053476
007	ERR6053477
008	ERR6053478
009	ERR6053479
010	ERR6053480
011	ERR6053481
012	ERR6053482
013	ERR6053483
014	ERR6053484
015	ERR6053485
016	ERR6053486
017	ERR6053487
018	ERR6053488
019	ERR6053489
020	ERR6053490
021	ERR6053491
022	ERR6053492
023	ERR6053493
024	ERR6053494
025	ERR6053495
026	ERR6053496
027	ERR6053497
028	ERR6053498
029	ERR6053499
030	ERR6053500
031	ERR6053501
032	ERR6053502
033	ERR6053503
034	ERR6053504
035	ERR6053505
036	ERR6053506
037	ERR6053507
038	ERR6053508
039	ERR6053509
040	ERR6053510
041	ERR6053511
042	ERR6053512
043	ERR6053513
044	ERR6053514
045	ERR6053515
046	ERR6053516
047	ERR6053517
048	ERR6053518
049	ERR6053519
050	ERR6053520
051	ERR6053521
052	ERR6053522
053	ERR6053523
054	ERR6053524
055	ERR6053525
056	ERR6053526
057	ERR6053527
058	ERR6053528
059	ERR6053529
060	ERR6053530
061	ERR6053531
062	ERR6053532
063	ERR6053533
064	ERR6053534
065	ERR6053535
066	ERR6053536
067	ERR6053537
068	ERR6053538
069	ERR6053539
070	ERR6053540
071	ERR6053541
072	ERR6053542
073	ERR6053543
074	ERR6053544
075	ERR6053545
076	ERR6053546
077	ERR6053547
078	ERR6053548
079	ERR6053549
080	ERR6053550
081	ERR6053551
082	ERR6053552
083	ERR6053553
084	ERR6053554
085	ERR6053555
086	ERR6053556
087	ERR6053557
088	ERR6053558
089	ERR6053559
090	ERR6053560
091	ERR6053561
092	ERR6053562
093	ERR6053563
094	ERR6053564
095	ERR6053565
096	ERR6053566
097	ERR6053567
098	ERR6053568
099	ERR6053569
100	ERR6053570
101	ERR6053571
102	ERR6053572
103	ERR6053573
104	ERR6053574
105	ERR6053575
106	ERR6053576
107	ERR6053577
108	ERR6053578
109	ERR6053579
